[
    {
        "username": "user1",
        "hall_name": "ali",
        "num_people": 15,
        "date": "2025-07-15",
        "time": "08:00 pm",
        "total_price": 3750
    },
    {
        "username": "user1",
        "hall_name": "zubair",
        "num_people": 100,
        "date": "2025-07-10",
        "time": "09:00 Pm",
        "total_price": 120000
    },
    {
        "username": "user1",
        "hall_name": "zubair",
        "num_people": 150,
        "date": "2025-07-15",
        "time": "08:00 pm",
        "total_price": 180000
    }
]