[
    {
        "name": "Lataskaa",
        "location": "Dc Office Chowk",
        "price_per_head": 2000
    },
    {
        "name": "qanita hotel",
        "location": "IUB",
        "price_per_head": 1500
    },
    {
        "name": "zubair",
        "location": "one unit",
        "price_per_head": 1200
    },
    {
        "name": "ali",
        "location": "uni chowk",
        "price_per_head": 250
    },
    {
        "name": "hfgf",
        "location": "1 unit",
        "price_per_head": 1200
    }
]